ticker,name
,bitcoin
,cryptocurrency
,oil
,gold
,metals
,silver
,bonds
,interest rates
,equities
,sp500
,nasdaq
,small caps
,technology sector
,value
,growth
,momentum
,quality
,fed
,ecb
,boc
,boj
,boe
,treasuries
,credit
,yields
,fixed income
,options market
,futures market
,cyclicals
,defensive
,volatility
,gamma
,tail risk
,market makers
,convexity
,derivatives
,forex
,emerging markets
,commodities
,bunds
,esg
,mid caps
,blue chips
,dividends
,large caps
,high yield
,junk bonds
,investment grade
,macro
,quant
,inflation
,gdp
,consumer prices
,producer prices
,yield curve
,cpi
,ppi
,wage
,jobless claims
,unemployment rate
,budget deficit
,budget surplus
,current account deficit
,payrolls
,us
,eu
,g7
,g10
,europe
,asia
,emea
,latam
,hedge funds
,retail investors
,pension funds
,financial conditions
,investment banks
,stress tests
,fomc
,structured products
,buy backs
,curve steepening
,steeper curves
,refaltionary
,reflation
,real rates
,nominal rates
,real estate
,alternative investments
,uk
,sovereign bonds
,option expiration
,sell-off
,melt-down
,melt-up
,rally
,bullish
,bearish
,base metals
,precious metals
,christine lagarde
,jerome powell
,european central bank
,federal reserve
,bank of china
,bank of canada
,bank of england
,tiff macklem
,rate hike
,safe-haven
,assets
,cross-asset
,artificial intelligence
,ai
,share repurchase
,share buyback
,acquisitions
,buyouts
,analyst recommendations
,analyst ratings
,mergers
,share offerings
,fraud
,crash
,dilution
,buyout
,purchase
,merger
,acquisition
,uplisting
,volume
,record revenue
,sales increase
,earnings beat
,earnings miss
,earnings surprise
,positive earnings
,negative earnings
,upbeat guidance
,fda approval
,regulatory approval
,clinical testing
,stimulus
,vaccines
,covid-19
,upgrades
,downgrades
,trading lower
,shares down
,trading higher
,shares up
,dividend increase
,dividend decrease
,stock split
,liquidation
,lawsuits
,investigations
,addition to index
,cannabis
,fda
,fda greenlight
,pandemic
,ether
,ethereum
,defi
,elon musk
,rising rates
,bond yield
,senate
,house of representatives
,republicans
,democrats
,patent
,patent infringment
,foreign leaders
,central bank
,dollar index
,euro
,british pound
,canadian dollar
,us dollar
,renminbi
,yuan
,japanese yen
,prime minister
,government
,merger
,ex-dividend date
,average daily volume
,short squeeze
,short float
,balance sheet
,income statement
,revenue
,profit
,cagr
,leveraged buyout
,vix